StartDate,EndDate,Status,IPAddress,Progress,Duration (in seconds),Finished,RecordedDate,ResponseId,RecipientLastName,RecipientFirstName,RecipientEmail,ExternalReference,LocationLatitude,LocationLongitude,DistributionChannel,UserLanguage,Q1,Q2,Q2_5_TEXT,Q3,Q4,Q4_7_TEXT,Q5,Q5_5_TEXT,Q6,Q7,Q8,Q9,Q10_1,Q10_2,Q10_3,Q10_4,Q11_1,Q11_2,Q11_3,Q11_4,Q12_1,Q12_2,Q12_3,Q13_1,Q13_2,Q13_3,Q13_4,Q14_1,Q14_2,Q14_3,Q14_4,Q15_1,Q15_2,Q15_3,Q15_4,Q16_1,Q16_2,Q16_3,Q16_4,Q16_5,Q17_1,Q17_2,Q17_3,Q17_4,Q18_1,Q18_2,Q18_3,Q18_4,Q19_1,Q19_2,Q19_3,Q19_4,Q19_5,Q19_6
Start Date,End Date,Response Type,IP Address,Progress,Duration (in seconds),Finished,Recorded Date,Response ID,Recipient Last Name,Recipient First Name,Recipient Email,External Data Reference,Location Latitude,Location Longitude,Distribution Channel,User Language,"Hello!

The purpose of this study is to assess stress and coping strategies among nursing students in different semesters of nursing school. This survey should take no longer than 15-20 minutes to complete. There are no right or wrong answers and your answers are completely anonymous. Thank you for your participation in advance. 

Remember, your participation is voluntary. You may refuse to participate or answer any question. You may stop at any time without penalty. By clicking ""I agree"" and proceeding to complete the survey, you are giving your consent to participate.",What gender do you identify as? - Selected Choice,What gender do you identify as? - Other: - Text,What is your age?,What is your ethnicity? - Selected Choice,What is your ethnicity? - Other: - Text,Marital Status? - Selected Choice,Marital Status? - Other: - Text,Have you previously obtained another college degree?,What degree did you obtain?,Are you enrolled in the four-semester nursing program or the five-semester nursing program?,What semester of nursing school are you currently in?,"This semester, how often have you... - Felt inexperienced in your ability to provide nursing care and make judgements","This semester, how often have you... - Felt unable to meet one's expectations in the clinical setting","This semester, how often have you... - Felt unable to provide good nursing care or education","This semester, how often have you... - Felt unable to effectively communicate with patients or their families","This semester, how often have you... - Worried about your grades in your classes","This semester, how often have you... - Felt like your workload was too much to handle","This semester, how often have you... - Experienced pressure from the fear of not meeting academic expectations from others (parents, teachers, etc.) or yourself","This semester, how often have you... - Felt like you could catch up on assignments if you fell behind","This semester, how often have you... - Felt confident in your abilities to complete learned nursing skills in the clinical setting","This semester, how often have you... - Understood nursing diagnosis and treatments","This semester, how often have you... - Felt prepared to practice independently as a nurse","This semester, how often have you... - Felt stressed or unprepared in the hospital or clinical setting","This semester, how often have you... - Felt unfamiliar with hospital facilities/procedures","This semester, how often have you... - Felt uncomfortable working with a nurse","This semester, how often have you... - Had a hard time going to sleep because you were nervous about your clinical assignment the next day","This semester, how often have you... - Experienced competition with your peers in class or clinical practice","This semester, how often have you... - Felt disconnected to others in your cohort","This semester, how often have you... - Felt comparison among peers regarding nursing abilities or knowledge","This semester, how often have you... - Felt your role as a nursing student overshadowed your life and responsibilities outside nursing school","This semester, how often have you... - Felt that you were unable to approach instructors or other nursing staff about questions or concerns","This semester, how often have you... - Felt that your professors were unfair in their grading or evaluation of students","This semester, how often have you... - Felt that professors or other nursing staff lacked empathy or were unwilling to help","This semester, how often have you... - Felt that professors haven't adequately prepared you for your nursing career","This semester, how often have you... - Avoided practicing skills in clinical due to feeling inadequate or inexperienced","This semester, how often have you... - Avoided asking professors questions due to the belief that it wouldn't help","This semester, how often have you... - Avoided talking with peers about grades or class work due to comparison","This semester, how often have you... - Avoided a situation with the hope that things would resolve on their own","This semester, how often have you... - Put off working on an assignment or project until later because the thought of it was too overwhelming","This semester, how often have you... - Tried different strategies to help manage stress","This semester, how often have you... - Made lists, set priorities, or created objectives to help conquer your workload","This semester, how often have you... - Employed past useful strategies to help manage current stress","This semester, how often have you... - Been unsure of what to do to help control your stress","This semester, how often have you... - Remained positive during stress or a stressful situation","This semester, how often have you... - Felt confident that you would overcome your present difficulties","This semester, how often have you... - Reminded yourself of your goals or what you are working towards","This semester, how often have you... - Cried, felt moody, sad, or helpless","This semester, how often have you... - Slept when feeling stressed or overwhelmed","This semester, how often have you... - Watched Tv or a movie when feeling stressed or overwhelmed","This semester, how often have you... - Exercised when feeling stressed or overwhelmed","This semester, how often have you... - Ate comfort foods when feeling stressed or overwhelmed","This semester, how often have you... - Did an activity that you enjoyed when feeling stressed or overwhelmed","This semester, how often have you... - Confided in others when feeling stressed or overwhelmed"
"{""ImportId"":""startDate"",""timeZone"":""America/New_York""}","{""ImportId"":""endDate"",""timeZone"":""America/New_York""}","{""ImportId"":""status""}","{""ImportId"":""ipAddress""}","{""ImportId"":""progress""}","{""ImportId"":""duration""}","{""ImportId"":""finished""}","{""ImportId"":""recordedDate"",""timeZone"":""America/New_York""}","{""ImportId"":""_recordId""}","{""ImportId"":""recipientLastName""}","{""ImportId"":""recipientFirstName""}","{""ImportId"":""recipientEmail""}","{""ImportId"":""externalDataReference""}","{""ImportId"":""locationLatitude""}","{""ImportId"":""locationLongitude""}","{""ImportId"":""distributionChannel""}","{""ImportId"":""userLanguage""}","{""ImportId"":""QID1""}","{""ImportId"":""QID2""}","{""ImportId"":""QID2_5_TEXT""}","{""ImportId"":""QID3""}","{""ImportId"":""QID4""}","{""ImportId"":""QID4_7_TEXT""}","{""ImportId"":""QID5""}","{""ImportId"":""QID5_5_TEXT""}","{""ImportId"":""QID6""}","{""ImportId"":""QID7_TEXT""}","{""ImportId"":""QID8""}","{""ImportId"":""QID9""}","{""ImportId"":""QID10_1""}","{""ImportId"":""QID10_2""}","{""ImportId"":""QID10_3""}","{""ImportId"":""QID10_4""}","{""ImportId"":""QID11_1""}","{""ImportId"":""QID11_2""}","{""ImportId"":""QID11_3""}","{""ImportId"":""QID11_4""}","{""ImportId"":""QID12_1""}","{""ImportId"":""QID12_2""}","{""ImportId"":""QID12_3""}","{""ImportId"":""QID13_1""}","{""ImportId"":""QID13_2""}","{""ImportId"":""QID13_3""}","{""ImportId"":""QID13_4""}","{""ImportId"":""QID14_1""}","{""ImportId"":""QID14_2""}","{""ImportId"":""QID14_3""}","{""ImportId"":""QID14_4""}","{""ImportId"":""QID15_1""}","{""ImportId"":""QID15_2""}","{""ImportId"":""QID15_3""}","{""ImportId"":""QID15_4""}","{""ImportId"":""QID16_1""}","{""ImportId"":""QID16_2""}","{""ImportId"":""QID16_3""}","{""ImportId"":""QID16_4""}","{""ImportId"":""QID16_5""}","{""ImportId"":""QID17_1""}","{""ImportId"":""QID17_2""}","{""ImportId"":""QID17_3""}","{""ImportId"":""QID17_4""}","{""ImportId"":""QID18_1""}","{""ImportId"":""QID18_2""}","{""ImportId"":""QID18_3""}","{""ImportId"":""QID18_4""}","{""ImportId"":""QID19_1""}","{""ImportId"":""QID19_2""}","{""ImportId"":""QID19_3""}","{""ImportId"":""QID19_4""}","{""ImportId"":""QID19_5""}","{""ImportId"":""QID19_6""}"
2024-03-25 08:37:30,2024-03-25 08:40:35,IP Address,35.148.147.120,100,185,True,2024-03-25 08:40:35,R_2PbSPZTlsDJGMmo,,,,,34.3914,-77.6597,anonymous,EN,I agree,Male,,25-34,Latino or Hispanic,,Married,,No,,Four-semester,1st,Never,Never,Never,Never,Sometimes,Rarely,Never,Sometimes,Frequently,Frequently,Frequently,Rarely,Sometimes,Rarely,Never,Frequently,Sometimes,Frequently,Sometimes,Never,Never,Never,Never,Never,Never,Rarely,Never,Rarely,Rarely,Frequently,Always,Never,Frequently,Always,Always,Never,Always,Rarely,Frequently,Never,Frequently,Rarely
2024-03-25 08:37:40,2024-03-25 08:40:49,IP Address,152.20.180.2,100,188,True,2024-03-25 08:40:50,R_7DpYAKrdiAsKdlW,,,,,34.2243,-77.8849,anonymous,EN,I agree,Female,,18-24,Caucasian,,Single,,No,,Four-semester,1st,Frequently,Sometimes,Sometimes,Sometimes,Sometimes,Frequently,Always,Rarely,Rarely,Rarely,Never,Sometimes,Frequently,Frequently,Always,Always,Always,Always,Always,Frequently,Sometimes,Sometimes,Sometimes,Sometimes,Sometimes,Always,Frequently,Frequently,Sometimes,Sometimes,Sometimes,Sometimes,Sometimes,Sometimes,Rarely,Frequently,Frequently,Sometimes,Sometimes,Frequently,Rarely,Never
2024-03-25 08:37:30,2024-03-25 08:41:23,IP Address,152.20.104.253,100,233,True,2024-03-25 08:41:23,R_5OZw8cQEI1DKrJq,,,,,34.2243,-77.8849,anonymous,EN,I agree,Female,,18-24,Caucasian,,Single,,No,,Four-semester,1st,Frequently,Frequently,Sometimes,Sometimes,Sometimes,Rarely,Sometimes,Sometimes,Sometimes,Sometimes,Never,Frequently,Frequently,Sometimes,Frequently,Rarely,Rarely,Frequently,Sometimes,Sometimes,Sometimes,Frequently,Sometimes,Sometimes,Frequently,Rarely,Sometimes,Sometimes,Frequently,Frequently,Frequently,Sometimes,Frequently,Sometimes,Frequently,Sometimes,Rarely,Never,Sometimes,Sometimes,Never,Always
2024-03-25 08:45:15,2024-03-25 08:47:46,IP Address,152.20.104.1,100,150,True,2024-03-25 08:47:46,R_14Pw3yGYPvAiGu5,,,,,34.2243,-77.8849,anonymous,EN,I agree,Female,,18-24,Caucasian,,Single,,No,,Four-semester,1st,Frequently,Sometimes,Rarely,Sometimes,Always,Always,Sometimes,Rarely,Frequently,Frequently,Frequently,Frequently,Frequently,Rarely,Always,Sometimes,Never,Never,Frequently,Rarely,Sometimes,Rarely,Rarely,Sometimes,Sometimes,Rarely,Rarely,Never,Frequently,Always,Always,Frequently,Sometimes,Frequently,Frequently,Frequently,Never,Never,Sometimes,Frequently,Frequently,Always
2024-03-25 08:45:53,2024-03-25 08:48:33,IP Address,172.59.218.88,100,159,True,2024-03-25 08:48:33,R_1K8dScGwTHCvLYn,,,,,35.2296,-80.843,anonymous,EN,I agree,Female,,18-24,Caucasian,,Single,,No,,Four-semester,2nd,Frequently,Frequently,Sometimes,Sometimes,Sometimes,Frequently,Frequently,Rarely,Frequently,Frequently,Rarely,Frequently,Frequently,Sometimes,Frequently,Rarely,Rarely,Sometimes,Always,Sometimes,Rarely,Rarely,Rarely,Sometimes,Rarely,Sometimes,Rarely,Sometimes,Frequently,Always,Always,Sometimes,Frequently,Frequently,Always,Sometimes,Sometimes,Sometimes,Frequently,Sometimes,Frequently,Always
2024-03-25 08:57:35,2024-03-25 09:01:18,IP Address,152.20.104.1,100,222,True,2024-03-25 09:01:19,R_2plpxcvS5lnQ1eG,,,,,34.2243,-77.8849,anonymous,EN,I agree,Female,,18-24,Caucasian,,Single,,No,,Five-semester,3rd,Sometimes,Sometimes,Sometimes,Sometimes,Always,Frequently,Frequently,Rarely,Sometimes,Frequently,Rarely,Sometimes,Sometimes,Sometimes,Sometimes,Sometimes,Frequently,Frequently,Frequently,Sometimes,Frequently,Sometimes,Sometimes,Sometimes,Sometimes,Frequently,Sometimes,Frequently,Sometimes,Frequently,Sometimes,Sometimes,Sometimes,Frequently,Frequently,Frequently,Frequently,Frequently,Rarely,Frequently,Sometimes,Frequently
2024-03-25 09:11:36,2024-03-25 09:17:13,IP Address,152.20.180.2,100,337,True,2024-03-25 09:17:14,R_7ru25lw0riYnRh7,,,,,34.2243,-77.8849,anonymous,EN,I agree,Female,,18-24,Caucasian,,Single,,No,,Four-semester,1st,Sometimes,Sometimes,Rarely,Frequently,Rarely,Rarely,Rarely,Rarely,Frequently,Sometimes,Never,Frequently,Frequently,Rarely,Always,Rarely,Never,Never,Rarely,Rarely,Rarely,Rarely,Rarely,Rarely,Rarely,Never,Rarely,Never,Rarely,Always,Frequently,Sometimes,Frequently,Frequently,Frequently,Sometimes,Never,Frequently,Sometimes,Sometimes,Sometimes,Frequently
2024-03-25 09:36:35,2024-03-25 09:40:20,IP Address,70.63.75.99,100,224,True,2024-03-25 09:40:20,R_1upuHBloz8pvTZ8,,,,,34.2243,-77.8849,anonymous,EN,I agree,Female,,18-24,Caucasian,,Single,,No,,Five-semester,5th,Sometimes,Rarely,Rarely,Sometimes,Frequently,Sometimes,Frequently,Frequently,Frequently,Frequently,Frequently,Sometimes,Sometimes,Rarely,Sometimes,Rarely,Sometimes,Rarely,Sometimes,Rarely,Rarely,Rarely,Rarely,Rarely,Never,Frequently,Sometimes,Sometimes,Frequently,Frequently,Frequently,Sometimes,Frequently,Frequently,Frequently,Sometimes,Sometimes,Rarely,Rarely,Sometimes,Frequently,Frequently
2024-03-25 09:41:15,2024-03-25 09:46:42,IP Address,152.20.104.1,100,326,True,2024-03-25 09:46:42,R_5sJJLu1xUd9Rke5,,,,,34.2243,-77.8849,anonymous,EN,I agree,Female,,18-24,Asian,,Single,,No,,Four-semester,2nd,Sometimes,Rarely,Sometimes,Rarely,Always,Frequently,Sometimes,Rarely,Sometimes,Frequently,Sometimes,Sometimes,Sometimes,Never,Sometimes,Rarely,Rarely,Rarely,Frequently,Never,Never,Never,Rarely,Never,Rarely,Rarely,Sometimes,Sometimes,Frequently,Always,Sometimes,Sometimes,Sometimes,Frequently,Sometimes,Sometimes,Sometimes,Frequently,Rarely,Rarely,Sometimes,Frequently
2024-03-25 09:48:28,2024-03-25 09:53:01,IP Address,152.20.103.1,100,272,True,2024-03-25 09:53:02,R_2CEqWuoPFxPMtqH,,,,,34.2243,-77.8849,anonymous,EN,I agree,Female,,18-24,Caucasian,,Single,,No,,Four-semester,2nd,Always,Frequently,Frequently,Sometimes,Rarely,Sometimes,Frequently,Sometimes,Sometimes,Frequently,Sometimes,Always,Always,Frequently,Frequently,Rarely,Never,Rarely,Always,Rarely,Never,Sometimes,Frequently,Rarely,Sometimes,Never,Never,Sometimes,Sometimes,Always,Rarely,Sometimes,Sometimes,Sometimes,Always,Frequently,Frequently,Never,Frequently,Sometimes,Sometimes,Frequently
2024-03-25 09:50:53,2024-03-25 09:54:36,IP Address,174.110.97.49,100,222,True,2024-03-25 09:54:36,R_5lJRpNHWRNJ7y18,,,,,34.2243,-77.8849,anonymous,EN,I agree,Female,,18-24,Caucasian,,Single,,No,,Four-semester,1st,Frequently,Frequently,Frequently,Frequently,Always,Always,Always,Sometimes,Sometimes,Sometimes,Rarely,Frequently,Frequently,Frequently,Sometimes,Sometimes,Sometimes,Sometimes,Sometimes,Rarely,Sometimes,Rarely,Sometimes,Sometimes,Sometimes,Sometimes,Sometimes,Frequently,Sometimes,Frequently,Frequently,Frequently,Sometimes,Sometimes,Sometimes,Frequently,Sometimes,Rarely,Sometimes,Frequently,Sometimes,Rarely
2024-03-25 09:48:56,2024-03-25 09:58:14,IP Address,104.28.32.199,100,557,True,2024-03-25 09:58:14,R_3bZUlNraGY1BOdY,,,,,33.7153,-84.3312,anonymous,EN,I agree,Female,,18-24,Latino or Hispanic,,Single,,No,,Four-semester,1st,Sometimes,Rarely,Rarely,Sometimes,Frequently,Sometimes,Sometimes,Sometimes,Sometimes,Sometimes,Sometimes,Sometimes,Sometimes,Never,Sometimes,Never,Rarely,Never,Frequently,Never,Rarely,Never,Sometimes,Sometimes,Never,Sometimes,Sometimes,Frequently,Sometimes,Always,Frequently,Sometimes,Frequently,Always,Frequently,Frequently,Rarely,Frequently,Sometimes,Sometimes,Frequently,Frequently
2024-03-25 09:58:19,2024-03-25 10:02:54,IP Address,152.20.104.253,100,275,True,2024-03-25 10:02:55,R_3CXRMLB8hKN6y6B,,,,,34.2243,-77.8849,anonymous,EN,I agree,Female,,18-24,Caucasian,,Single,,No,,Four-semester,1st,Sometimes,Never,Never,Never,Frequently,Frequently,Always,Sometimes,Frequently,Frequently,Sometimes,Rarely,Sometimes,Never,Sometimes,Rarely,Never,Sometimes,Always,Rarely,Rarely,Never,Never,Never,Rarely,Sometimes,Sometimes,Rarely,Frequently,Always,Always,Sometimes,Frequently,Frequently,Frequently,Sometimes,Rarely,Sometimes,Always,Always,Frequently,Never
2024-03-25 11:00:31,2024-03-25 11:05:27,IP Address,172.59.218.114,100,295,True,2024-03-25 11:05:27,R_715OELPpaQcNbTe,,,,,35.2296,-80.843,anonymous,EN,I agree,Female,,18-24,Caucasian,,Single,,No,,Five-semester,5th,Sometimes,Sometimes,Sometimes,Rarely,Rarely,Sometimes,Rarely,Always,Frequently,Frequently,Sometimes,Rarely,Sometimes,Rarely,Frequently,Always,Always,Always,Sometimes,Sometimes,Sometimes,Sometimes,Rarely,Never,Rarely,Frequently,Never,Rarely,Frequently,Always,Frequently,Sometimes,Frequently,Frequently,Frequently,Sometimes,Sometimes,Frequently,Frequently,Frequently,Sometimes,Always
2024-03-25 09:40:40,2024-03-25 11:06:26,IP Address,152.20.104.1,100,5146,True,2024-03-25 11:06:27,R_7M4ippukS08z7W2,,,,,34.2243,-77.8849,anonymous,EN,I agree,Female,,18-24,Caucasian,,Single,,Yes,"Assocaites in Arts & Associates in Science ",Four-semester,2nd,Rarely,Never,Never,Never,Always,Always,Always,Frequently,Frequently,Always,Sometimes,Rarely,Never,Frequently,Sometimes,Rarely,Never,Never,Frequently,Never,Rarely,Never,Never,Rarely,Never,Never,Never,Rarely,Always,Always,Always,Rarely,Frequently,Frequently,Always,Sometimes,Frequently,Frequently,Frequently,Frequently,Frequently,Always
2024-03-25 11:33:35,2024-03-25 11:40:10,IP Address,173.93.49.86,100,395,True,2024-03-25 11:40:10,R_6OCXIgFqRXEnkxc,,,,,34.1632,-77.8723,anonymous,EN,I agree,Female,,18-24,Caucasian,,Single,,No,,Five-semester,5th,Sometimes,Rarely,Rarely,Rarely,Always,Frequently,Frequently,Sometimes,Sometimes,Frequently,Sometimes,Sometimes,Sometimes,Rarely,Sometimes,Never,Rarely,Rarely,Sometimes,Rarely,Rarely,Rarely,Sometimes,Rarely,Rarely,Rarely,Never,Rarely,Rarely,Always,Always,Rarely,Frequently,Always,Always,Sometimes,Sometimes,Always,Rarely,Frequently,Frequently,Frequently
2024-03-25 11:58:57,2024-03-25 12:02:31,IP Address,152.20.104.253,100,214,True,2024-03-25 12:02:32,R_3qkV0f3p3iniLTR,,,,,34.2243,-77.8849,anonymous,EN,I agree,Male,,18-24,Caucasian,,Other:,Domestic Partnership,No,,Four-semester,1st,Sometimes,Rarely,Sometimes,Sometimes,Frequently,Always,Sometimes,Frequently,Frequently,Frequently,Sometimes,Sometimes,Frequently,Never,Never,Never,Sometimes,Sometimes,Sometimes,Frequently,Frequently,Sometimes,Always,Sometimes,Always,Sometimes,Rarely,Sometimes,Frequently,Frequently,Frequently,Sometimes,Frequently,Frequently,Frequently,Sometimes,Sometimes,Frequently,Frequently,Frequently,Frequently,Always
2024-03-25 12:03:08,2024-03-25 12:06:39,IP Address,152.20.104.1,100,211,True,2024-03-25 12:06:40,R_3alwElJH2d0e23e,,,,,34.2243,-77.8849,anonymous,EN,I agree,Female,,18-24,Asian,,Single,,No,,Four-semester,1st,Frequently,Frequently,Sometimes,Sometimes,Always,Frequently,Frequently,Sometimes,Sometimes,Frequently,Sometimes,Frequently,Frequently,Rarely,Sometimes,Rarely,Rarely,Rarely,Sometimes,Sometimes,Sometimes,Sometimes,Sometimes,Rarely,Sometimes,Sometimes,Rarely,Sometimes,Frequently,Frequently,Frequently,Frequently,Frequently,Frequently,Frequently,Frequently,Always,Always,Frequently,Sometimes,Frequently,Frequently
2024-03-25 12:08:51,2024-03-25 12:12:03,IP Address,140.82.218.242,100,192,True,2024-03-25 12:12:04,R_1G6ZtK4ILVoz7Nx,,,,,34.2243,-77.8849,anonymous,EN,I agree,Female,,18-24,Caucasian,,Single,,No,,Five-semester,3rd,Frequently,Frequently,Frequently,Frequently,Always,Frequently,Always,Sometimes,Rarely,Frequently,Rarely,Frequently,Frequently,Rarely,Sometimes,Sometimes,Frequently,Frequently,Always,Sometimes,Frequently,Frequently,Sometimes,Frequently,Frequently,Sometimes,Sometimes,Sometimes,Sometimes,Sometimes,Sometimes,Frequently,Sometimes,Sometimes,Sometimes,Frequently,Frequently,Sometimes,Rarely,Frequently,Frequently,Frequently
2024-03-25 12:09:04,2024-03-25 12:12:08,IP Address,152.20.104.1,100,184,True,2024-03-25 12:12:09,R_1nuRBTyi4Pm9eZq,,,,,34.2243,-77.8849,anonymous,EN,I agree,Female,,18-24,Caucasian,,Single,,No,,Five-semester,3rd,Sometimes,Sometimes,Sometimes,Sometimes,Frequently,Frequently,Frequently,Rarely,Sometimes,Sometimes,Rarely,Rarely,Sometimes,Rarely,Sometimes,Sometimes,Sometimes,Sometimes,Frequently,Frequently,Frequently,Frequently,Sometimes,Sometimes,Sometimes,Sometimes,Sometimes,Sometimes,Sometimes,Sometimes,Frequently,Sometimes,Sometimes,Sometimes,Sometimes,Frequently,Sometimes,Frequently,Frequently,Frequently,Sometimes,Sometimes
2024-03-25 12:09:02,2024-03-25 12:12:19,IP Address,174.247.16.156,100,197,True,2024-03-25 12:12:20,R_2UYlUlbgAjcFq91,,,,,35.2369,-80.8957,anonymous,EN,I agree,Female,,18-24,Caucasian,,Single,,No,,Five-semester,3rd,Sometimes,Frequently,Sometimes,Sometimes,Sometimes,Sometimes,Rarely,Always,Frequently,Always,Rarely,Rarely,Rarely,Never,Never,Never,Rarely,Never,Sometimes,Sometimes,Sometimes,Sometimes,Rarely,Sometimes,Frequently,Sometimes,Sometimes,Never,Sometimes,Always,Always,Rarely,Frequently,Always,Always,Rarely,Sometimes,Sometimes,Sometimes,Rarely,Frequently,Frequently
2024-03-25 12:11:48,2024-03-25 12:16:39,IP Address,152.20.103.254,100,291,True,2024-03-25 12:16:40,R_7CwgmIlWE6Iqubr,,,,,34.2243,-77.8849,anonymous,EN,I agree,Female,,18-24,Caucasian,,Single,,No,,Four-semester,1st,Rarely,Never,Rarely,Never,Frequently,Sometimes,Sometimes,Frequently,Frequently,Sometimes,Rarely,Sometimes,Sometimes,Never,Never,Never,Never,Rarely,Rarely,Never,Never,Never,Never,Never,Never,Never,Never,Sometimes,Frequently,Frequently,Sometimes,Rarely,Frequently,Always,Always,Sometimes,Never,Sometimes,Sometimes,Rarely,Always,Frequently
2024-03-25 12:20:34,2024-03-25 12:23:22,IP Address,104.28.77.107,100,167,True,2024-03-25 12:23:23,R_7lJhoQF7UEp3dcv,,,,,34.2198,-77.9534,anonymous,EN,I agree,Female,,18-24,Caucasian,,Single,,No,,Five-semester,3rd,Frequently,Sometimes,Rarely,Rarely,Always,Frequently,Frequently,Rarely,Frequently,Frequently,Rarely,Sometimes,Rarely,Frequently,Frequently,Always,Always,Always,Always,Frequently,Frequently,Frequently,Sometimes,Sometimes,Frequently,Always,Frequently,Frequently,Always,Sometimes,Frequently,Frequently,Frequently,Frequently,Frequently,Sometimes,Frequently,Rarely,Sometimes,Frequently,Sometimes,Sometimes
2024-03-25 12:08:50,2024-03-25 12:48:39,IP Address,104.28.77.106,100,2388,True,2024-03-25 12:48:39,R_1lhsFYDxL512PeO,,,,,34.2198,-77.9534,anonymous,EN,I agree,Female,,18-24,Caucasian,,Single,,No,,Five-semester,3rd,Frequently,Frequently,Frequently,Frequently,Always,Always,Always,Rarely,Sometimes,Sometimes,Never,Frequently,Sometimes,Frequently,Sometimes,Sometimes,Rarely,Sometimes,Frequently,Frequently,Sometimes,Sometimes,Sometimes,Sometimes,Frequently,Rarely,Rarely,Frequently,Sometimes,Rarely,Sometimes,Frequently,Sometimes,Sometimes,Frequently,Frequently,Sometimes,Frequently,Rarely,Rarely,Frequently,Frequently
2024-03-25 12:53:38,2024-03-25 12:58:48,IP Address,65.184.227.90,100,310,True,2024-03-25 12:58:49,R_3oiESHAuN49NBQL,,,,,34.3154,-77.7995,anonymous,EN,I agree,Male,,25-34,Caucasian,,Single,,No,,Five-semester,5th,Rarely,Rarely,Rarely,Always,Sometimes,Frequently,Sometimes,Rarely,Sometimes,Frequently,Always,Sometimes,Rarely,Never,Never,Always,Always,Always,Always,Sometimes,Sometimes,Sometimes,Never,Never,Sometimes,Always,Never,Sometimes,Never,Rarely,Frequently,Sometimes,Sometimes,Sometimes,Always,Rarely,Sometimes,Always,Never,Frequently,Sometimes,Frequently
2024-03-25 12:49:28,2024-03-25 13:02:45,IP Address,152.20.109.219,100,796,True,2024-03-25 13:02:45,R_1LcpQITPATEN5fv,,,,,34.2243,-77.8849,anonymous,EN,I agree,Female,,35-44,Caucasian,,Married,,Yes,Psychology & M.B.A.,Four-semester,2nd,Frequently,Frequently,Sometimes,Rarely,Frequently,Frequently,Frequently,Never,Sometimes,Frequently,Sometimes,Sometimes,Rarely,Rarely,Never,Never,Never,Never,Frequently,Never,Never,Never,Never,Sometimes,Never,Never,Never,Never,Frequently,Always,Always,Never,Frequently,Frequently,Frequently,Rarely,Never,Never,Frequently,Never,Sometimes,Frequently
2024-03-25 12:58:25,2024-03-25 13:04:54,IP Address,152.20.180.62,100,389,True,2024-03-25 13:04:55,R_10wop6eN9Ons967,,,,,34.2243,-77.8849,anonymous,EN,I agree,Female,,18-24,Caucasian,,Single,,No,,Five-semester,3rd,Sometimes,Sometimes,Sometimes,Frequently,Rarely,Rarely,Rarely,Frequently,Sometimes,Frequently,Sometimes,Rarely,Sometimes,Rarely,Never,Never,Sometimes,Sometimes,Never,Sometimes,Sometimes,Rarely,Rarely,Rarely,Never,Rarely,Never,Frequently,Sometimes,Always,Frequently,Sometimes,Frequently,Frequently,Frequently,Sometimes,Rarely,Sometimes,Rarely,Sometimes,Frequently,Frequently
2024-03-25 13:04:41,2024-03-25 13:07:43,IP Address,152.20.104.1,100,181,True,2024-03-25 13:07:43,R_1elMSZkuCV5AUBr,,,,,34.2243,-77.8849,anonymous,EN,I agree,Female,,18-24,Caucasian,,Single,,No,,Four-semester,1st,Sometimes,Rarely,Rarely,Rarely,Frequently,Frequently,Frequently,Frequently,Frequently,Sometimes,Rarely,Sometimes,Frequently,Sometimes,Frequently,Frequently,Sometimes,Frequently,Frequently,Sometimes,Rarely,Rarely,Rarely,Sometimes,Sometimes,Frequently,Frequently,Frequently,Frequently,Frequently,Frequently,Frequently,Frequently,Sometimes,Frequently,Frequently,Sometimes,Sometimes,Frequently,Frequently,Frequently,Frequently
2024-03-25 13:14:06,2024-03-25 13:18:25,IP Address,98.101.135.131,100,258,True,2024-03-25 13:18:26,R_3ruZdv7l0IQWv11,,,,,34.2243,-77.8849,anonymous,EN,I agree,Female,,18-24,Caucasian,,Single,,No,,Four-semester,2nd,Sometimes,Frequently,Sometimes,Sometimes,Always,Frequently,Always,Sometimes,Sometimes,Sometimes,Rarely,Frequently,Frequently,Sometimes,Frequently,Never,Never,Never,Frequently,Rarely,Rarely,Rarely,Sometimes,Sometimes,Rarely,Never,Rarely,Rarely,Never,Always,Sometimes,Always,Sometimes,Sometimes,Frequently,Frequently,Always,Frequently,Sometimes,Rarely,Never,Rarely
2024-03-25 13:17:41,2024-03-25 13:20:41,IP Address,76.38.48.152,100,179,True,2024-03-25 13:20:41,R_2gu7pSQycmqxYbZ,,,,,34.2243,-77.8849,anonymous,EN,I agree,Female,,18-24,Caucasian,,Single,,No,,Five-semester,5th,Rarely,Never,Rarely,Sometimes,Frequently,Sometimes,Sometimes,Frequently,Always,Always,Always,Rarely,Never,Never,Never,Always,Sometimes,Always,Frequently,Never,Sometimes,Sometimes,Frequently,Sometimes,Sometimes,Sometimes,Frequently,Frequently,Frequently,Frequently,Always,Rarely,Always,Always,Always,Sometimes,Frequently,Frequently,Frequently,Always,Frequently,Sometimes
2024-03-25 13:41:56,2024-03-25 13:45:50,IP Address,152.20.103.115,100,234,True,2024-03-25 13:45:51,R_21EDeswk7YvD6Zr,,,,,34.2243,-77.8849,anonymous,EN,I agree,Female,,18-24,Other:,Prefer not to say,Single,,No,,Four-semester,1st,Always,Frequently,Frequently,Frequently,Frequently,Frequently,Sometimes,Frequently,Sometimes,Rarely,Never,Always,Always,Rarely,Always,Sometimes,Rarely,Sometimes,Frequently,Rarely,Sometimes,Sometimes,Sometimes,Sometimes,Frequently,Frequently,Rarely,Always,Sometimes,Frequently,Frequently,Sometimes,Frequently,Frequently,Sometimes,Sometimes,Sometimes,Sometimes,Sometimes,Sometimes,Sometimes,Frequently
2024-03-25 14:14:57,2024-03-25 14:20:02,IP Address,152.20.180.2,100,304,True,2024-03-25 14:20:03,R_42EFWhSGzs5dd7J,,,,,34.2243,-77.8849,anonymous,EN,I agree,Female,,18-24,Caucasian,,Single,,No,,Five-semester,3rd,Frequently,Frequently,Sometimes,Sometimes,Always,Always,Always,Sometimes,Rarely,Rarely,Never,Frequently,Frequently,Sometimes,Always,Frequently,Sometimes,Always,Always,Rarely,Sometimes,Rarely,Rarely,Sometimes,Rarely,Frequently,Rarely,Frequently,Frequently,Frequently,Frequently,Always,Sometimes,Sometimes,Frequently,Always,Rarely,Rarely,Rarely,Rarely,Sometimes,Sometimes
2024-03-25 14:33:24,2024-03-25 14:37:57,IP Address,174.110.104.65,100,272,True,2024-03-25 14:37:57,R_54tGV39B50p3b6p,,,,,34.2243,-77.8849,anonymous,EN,I agree,Female,,18-24,Caucasian,,Single,,No,,Five-semester,5th,Rarely,Sometimes,Rarely,Rarely,Rarely,Sometimes,Rarely,Frequently,Frequently,Frequently,Sometimes,Rarely,Sometimes,Always,Rarely,Rarely,Sometimes,Rarely,Frequently,Sometimes,Sometimes,Sometimes,Rarely,Rarely,Sometimes,Frequently,Rarely,Sometimes,Rarely,Always,Frequently,Rarely,Sometimes,Frequently,Always,Sometimes,Frequently,Frequently,Sometimes,Rarely,Frequently,Sometimes
2024-03-25 14:37:15,2024-03-25 14:56:39,IP Address,173.94.20.130,100,1163,True,2024-03-25 14:56:40,R_3CGZiAkv7yaQQP1,,,,,35.0564,-77.6983,anonymous,EN,I agree,Female,,25-34,Caucasian,,Married,,No,,Four-semester,2nd,Sometimes,Rarely,Never,Rarely,Always,Sometimes,Frequently,Never,Frequently,Frequently,Frequently,Sometimes,Rarely,Rarely,Sometimes,Sometimes,Sometimes,Frequently,Frequently,Sometimes,Rarely,Never,Never,Sometimes,Sometimes,Rarely,Never,Frequently,Frequently,Always,Always,Frequently,Frequently,Frequently,Frequently,Sometimes,Sometimes,Sometimes,Frequently,Sometimes,Frequently,Always
2024-03-25 14:13:17,2024-03-25 15:18:47,IP Address,152.20.104.1,100,3930,True,2024-03-25 15:18:48,R_1EcJlKYrepDLSri,,,,,34.2243,-77.8849,anonymous,EN,I agree,Female,,18-24,Caucasian,,Single,,No,,Five-semester,3rd,Frequently,Frequently,Frequently,Rarely,Always,Always,Always,Sometimes,Rarely,Sometimes,Never,Frequently,Sometimes,Always,Sometimes,Sometimes,Sometimes,Always,Always,Rarely,Sometimes,Sometimes,Frequently,Frequently,Sometimes,Frequently,Rarely,Always,Frequently,Always,Sometimes,Rarely,Frequently,Frequently,Rarely,Rarely,Never,Never,Sometimes,Never,Sometimes,Sometimes
2024-03-25 15:47:24,2024-03-25 15:52:57,IP Address,152.20.180.2,100,332,True,2024-03-25 15:52:57,R_5J1zindPxS3USpH,,,,,34.2243,-77.8849,anonymous,EN,I agree,Female,,18-24,Caucasian,,Single,,No,,Four-semester,1st,Always,Always,Always,Frequently,Always,Always,Always,Never,Rarely,Sometimes,Never,Always,Always,Frequently,Always,Rarely,Always,Sometimes,Frequently,Frequently,Rarely,Frequently,Always,Frequently,Frequently,Sometimes,Sometimes,Always,Frequently,Always,Frequently,Always,Never,Never,Always,Always,Frequently,Frequently,Sometimes,Frequently,Rarely,Sometimes
2024-03-25 16:24:15,2024-03-25 16:28:40,IP Address,152.20.104.253,100,265,True,2024-03-25 16:28:41,R_2O6zvk7GT2EdjxE,,,,,34.2243,-77.8849,anonymous,EN,I agree,Female,,18-24,Caucasian,,Single,,No,,Five-semester,4th,Rarely,Never,Sometimes,Rarely,Rarely,Rarely,Sometimes,Sometimes,Frequently,Frequently,Sometimes,Rarely,Sometimes,Rarely,Sometimes,Rarely,Never,Rarely,Rarely,Rarely,Rarely,Rarely,Sometimes,Rarely,Rarely,Never,Sometimes,Rarely,Sometimes,Sometimes,Frequently,Rarely,Frequently,Frequently,Frequently,Rarely,Rarely,Sometimes,Frequently,Frequently,Sometimes,Sometimes
2024-03-25 20:06:26,2024-03-25 20:15:37,IP Address,152.20.180.2,100,551,True,2024-03-25 20:15:38,R_2wFFhxX8F1hyMCv,,,,,34.2243,-77.8849,anonymous,EN,I agree,Female,,18-24,Caucasian,,Single,,Yes,Associates of Art,Four-semester,2nd,Sometimes,Sometimes,Sometimes,Sometimes,Frequently,Frequently,Sometimes,Sometimes,Sometimes,Frequently,Rarely,Sometimes,Sometimes,Rarely,Rarely,Never,Rarely,Never,Sometimes,Sometimes,Sometimes,Rarely,Rarely,Sometimes,Rarely,Rarely,Rarely,Frequently,Sometimes,Frequently,Frequently,Frequently,Sometimes,Sometimes,Frequently,Frequently,Frequently,Sometimes,Never,Sometimes,Sometimes,Frequently
2024-03-26 09:57:31,2024-03-26 10:01:56,IP Address,173.93.27.161,100,265,True,2024-03-26 10:01:57,R_7dxYgAisczO7wey,,,,,34.1632,-77.8723,anonymous,EN,I agree,Female,,18-24,Caucasian,,Single,,No,,Four-semester,2nd,Sometimes,Rarely,Sometimes,Rarely,Always,Sometimes,Frequently,Frequently,Sometimes,Frequently,Sometimes,Sometimes,Sometimes,Sometimes,Rarely,Sometimes,Rarely,Sometimes,Frequently,Rarely,Sometimes,Rarely,Sometimes,Sometimes,Rarely,Frequently,Rarely,Frequently,Frequently,Frequently,Sometimes,Sometimes,Sometimes,Sometimes,Frequently,Rarely,Sometimes,Frequently,Always,Rarely,Always,Frequently
2024-03-26 09:57:24,2024-03-26 10:02:19,IP Address,174.110.102.232,100,294,True,2024-03-26 10:02:19,R_5F4Ri79muoeL32h,,,,,34.2243,-77.8849,anonymous,EN,I agree,Female,,18-24,Caucasian,,Single,,No,,Four-semester,2nd,Frequently,Sometimes,Sometimes,Sometimes,Frequently,Frequently,Frequently,Rarely,Sometimes,Frequently,Rarely,Frequently,Frequently,Frequently,Frequently,Rarely,Rarely,Sometimes,Always,Sometimes,Sometimes,Rarely,Rarely,Rarely,Sometimes,Sometimes,Sometimes,Sometimes,Frequently,Always,Always,Frequently,Sometimes,Frequently,Frequently,Frequently,Rarely,Rarely,Sometimes,Sometimes,Never,Frequently
2024-03-26 10:06:58,2024-03-26 10:09:24,IP Address,24.106.183.30,100,145,True,2024-03-26 10:09:25,R_27rG74fIpiIB6tq,,,,,34.2243,-77.8849,anonymous,EN,I agree,Female,,18-24,Caucasian,,Single,,No,,Five-semester,3rd,Sometimes,Rarely,Sometimes,Frequently,Always,Sometimes,Frequently,Rarely,Frequently,Frequently,Sometimes,Rarely,Sometimes,Rarely,Rarely,Sometimes,Sometimes,Sometimes,Frequently,Rarely,Sometimes,Rarely,Rarely,Sometimes,Rarely,Frequently,Sometimes,Rarely,Frequently,Frequently,Frequently,Sometimes,Sometimes,Frequently,Frequently,Sometimes,Frequently,Frequently,Sometimes,Frequently,Frequently,Frequently
2024-03-26 10:35:37,2024-03-26 10:45:59,IP Address,140.82.218.242,100,622,True,2024-03-26 10:46:00,R_72agzbXLuYFf1Zv,,,,,34.2243,-77.8849,anonymous,EN,I agree,Female,,18-24,Caucasian,,Single,,No,,Four-semester,2nd,Sometimes,Rarely,Sometimes,Sometimes,Frequently,Frequently,Always,Sometimes,Frequently,Frequently,Sometimes,Rarely,Sometimes,Never,Rarely,Never,Rarely,Rarely,Sometimes,Rarely,Sometimes,Rarely,Rarely,Sometimes,Never,Frequently,Rarely,Sometimes,Rarely,Frequently,Sometimes,Sometimes,Sometimes,Frequently,Frequently,Frequently,Sometimes,Sometimes,Sometimes,Sometimes,Frequently,Rarely
2024-03-26 12:30:17,2024-03-26 12:35:02,IP Address,140.82.218.242,100,285,True,2024-03-26 12:35:03,R_2j9iCLrh4HKdtl9,,,,,34.2243,-77.8849,anonymous,EN,I agree,Female,,18-24,Caucasian,,Single,,No,,Five-semester,3rd,Rarely,Frequently,Rarely,Rarely,Sometimes,Sometimes,Sometimes,Rarely,Frequently,Frequently,Frequently,Rarely,Sometimes,Rarely,Rarely,Rarely,Sometimes,Sometimes,Sometimes,Sometimes,Rarely,Rarely,Rarely,Rarely,Rarely,Rarely,Rarely,Sometimes,Sometimes,Sometimes,Sometimes,Sometimes,Rarely,Rarely,Rarely,Rarely,Sometimes,Sometimes,Sometimes,Sometimes,Sometimes,Sometimes
2024-03-26 14:35:38,2024-03-26 14:39:27,IP Address,152.20.104.1,100,228,True,2024-03-26 14:39:28,R_51NKc5Z3szcpFQx,,,,,34.2243,-77.8849,anonymous,EN,,Female,,18-24,Caucasian,,Single,,No,,Four-semester,2nd,Frequently,Rarely,Rarely,Sometimes,Frequently,Rarely,Sometimes,Always,Sometimes,Frequently,Never,Rarely,Rarely,Sometimes,Never,Never,Never,Sometimes,Sometimes,Never,Rarely,Never,Never,Frequently,Never,Sometimes,Never,Sometimes,Sometimes,Always,Always,Rarely,Sometimes,Sometimes,Frequently,Rarely,Always,Sometimes,Sometimes,Sometimes,Frequently,Rarely
2024-03-26 22:22:03,2024-03-26 22:31:55,IP Address,70.63.75.99,100,592,True,2024-03-26 22:31:56,R_3dTpahFHZXE3DIn,,,,,34.2243,-77.8849,anonymous,EN,I agree,Female,,18-24,Caucasian,,Single,,No,,Four-semester,2nd,Sometimes,Frequently,Sometimes,Sometimes,Always,Frequently,Frequently,Rarely,Sometimes,Sometimes,Rarely,Sometimes,Frequently,Sometimes,Sometimes,Rarely,Rarely,Always,Always,Frequently,Rarely,Rarely,Rarely,Frequently,Rarely,Rarely,Sometimes,Frequently,Sometimes,Always,Always,Sometimes,Sometimes,Sometimes,Frequently,Sometimes,Rarely,Rarely,Sometimes,Frequently,Sometimes,Always
2024-03-25 08:38:22,2024-03-25 08:39:23,IP Address,174.238.107.40,47,60,False,2024-04-01 08:39:30,R_3OVkpWCyYvIPaMH,,,,,,,anonymous,EN,I agree,Female,,18-24,African American,,Single,,Yes,"Associates in Science ",Four-semester,2nd,,,,,,,,,,,,,,,,,,,,,,,,,,,,,,,,,,,,,,,,,,
2024-03-25 09:17:00,2024-03-25 09:19:21,IP Address,152.20.180.2,79,140,False,2024-04-01 09:19:22,R_6hmkVX3Tjsu67Jf,,,,,,,anonymous,EN,I agree,Female,,18-24,Caucasian,,Single,,No,,Four-semester,1st,Sometimes,Sometimes,Sometimes,Sometimes,Rarely,Never,Never,Always,Sometimes,Frequently,Never,Sometimes,Rarely,Never,Always,Never,Sometimes,Never,Rarely,Rarely,Rarely,Never,Sometimes,,,,,,,,,,,,,,,,,,,
2024-03-25 11:41:39,2024-03-25 11:45:10,IP Address,152.20.104.1,79,210,False,2024-04-01 11:45:13,R_7gj9UcyDaAaAs8x,,,,,,,anonymous,EN,I agree,Female,,18-24,Caucasian,,Single,,No,,Four-semester,1st,Never,Never,Never,Never,Rarely,Sometimes,Sometimes,Sometimes,Sometimes,Frequently,Sometimes,Sometimes,Sometimes,Never,Sometimes,Never,Sometimes,Sometimes,Sometimes,Rarely,Rarely,Rarely,Rarely,,,,,,,,,,,,,,,,,,,
2024-03-25 12:09:37,2024-03-25 12:10:10,IP Address,76.38.64.134,47,32,False,2024-04-01 12:13:43,R_217xhdCd9mQPJkE,,,,,,,anonymous,EN,I agree,Female,,18-24,Caucasian,,Single,,No,,Five-semester,3rd,,,,,,,,,,,,,,,,,,,,,,,,,,,,,,,,,,,,,,,,,,
2024-04-01 13:04:20,2024-04-01 13:09:24,IP Address,152.20.104.1,100,303,True,2024-04-01 13:09:25,R_5vZZNnYyYnjKRHC,,,,,34.2243,-77.8849,anonymous,EN,I agree,Female,,18-24,Caucasian,,Single,,No,,Five-semester,4th,Rarely,Rarely,Rarely,Rarely,Sometimes,Rarely,Sometimes,Always,Always,Frequently,Frequently,Rarely,Rarely,Rarely,Never,Never,Rarely,Rarely,Rarely,Rarely,Rarely,Rarely,Rarely,Rarely,Rarely,Rarely,Rarely,Rarely,Frequently,Always,Always,Never,Frequently,Frequently,Always,Rarely,Rarely,Sometimes,Always,Sometimes,Always,Always
2024-04-01 13:05:18,2024-04-01 13:09:33,IP Address,152.20.180.2,100,254,True,2024-04-01 13:09:34,R_2RRm4VetEMELw6a,,,,,34.2243,-77.8849,anonymous,EN,I agree,Female,,18-24,Caucasian,,Single,,No,,Five-semester,4th,Sometimes,Never,Rarely,Rarely,Sometimes,Rarely,Rarely,Frequently,Always,Sometimes,Sometimes,Never,Frequently,Never,Never,Never,Rarely,Rarely,Sometimes,Never,Never,Never,Rarely,Never,Never,Never,Never,Rarely,Sometimes,Always,Always,Never,Always,Always,Always,Never,Sometimes,Rarely,Frequently,Frequently,Frequently,Always
2024-04-01 13:07:13,2024-04-01 13:10:11,IP Address,152.20.103.1,100,177,True,2024-04-01 13:10:12,R_1sSzdC2Tz3HiSoM,,,,,34.2243,-77.8849,anonymous,EN,I agree,Female,,18-24,Caucasian,,Single,,Yes,"Associates of Science ",Five-semester,4th,Frequently,Frequently,Sometimes,Rarely,Always,Sometimes,Sometimes,Always,Sometimes,Sometimes,Rarely,Always,Always,Sometimes,Frequently,Sometimes,Sometimes,Always,Always,Sometimes,Sometimes,Rarely,Frequently,Frequently,Frequently,Frequently,Frequently,Frequently,Always,Frequently,Always,Sometimes,Sometimes,Frequently,Always,Frequently,Always,Always,Always,Always,Always,Always
2024-04-01 13:07:31,2024-04-01 13:11:38,IP Address,152.20.103.1,100,247,True,2024-04-01 13:11:39,R_3Mb1ECULiMLPOi1,,,,,34.2243,-77.8849,anonymous,EN,I agree,Female,,18-24,Caucasian,,Single,,No,,Five-semester,4th,Sometimes,Rarely,Sometimes,Sometimes,Sometimes,Rarely,Rarely,Frequently,Frequently,Frequently,Frequently,Sometimes,Frequently,Rarely,Never,Sometimes,Rarely,Sometimes,Rarely,Never,Sometimes,Rarely,Sometimes,Rarely,Rarely,Rarely,Sometimes,Sometimes,Sometimes,Always,Sometimes,Rarely,Sometimes,Sometimes,Sometimes,Sometimes,Frequently,Frequently,Frequently,Frequently,Frequently,Frequently
2024-04-01 13:08:28,2024-04-01 13:11:43,IP Address,152.20.104.1,100,194,True,2024-04-01 13:11:43,R_6cOepu7RzoDte6d,,,,,34.2243,-77.8849,anonymous,EN,I agree,Female,,18-24,African American,,Single,,Yes,"Bachelors of Science in Clinical Research ",Five-semester,4th,Sometimes,Sometimes,Sometimes,Sometimes,Frequently,Sometimes,Sometimes,Sometimes,Sometimes,Sometimes,Sometimes,Sometimes,Sometimes,Sometimes,Sometimes,Sometimes,Sometimes,Sometimes,Sometimes,Rarely,Rarely,Rarely,Rarely,Sometimes,Sometimes,Sometimes,Sometimes,Sometimes,Sometimes,Sometimes,Sometimes,Sometimes,Sometimes,Sometimes,Sometimes,Sometimes,Sometimes,Sometimes,Sometimes,Sometimes,Sometimes,Sometimes
2024-04-01 13:07:43,2024-04-01 13:12:40,IP Address,152.20.104.1,100,296,True,2024-04-01 13:12:40,R_2gOvwCUX7pII4z8,,,,,34.2243,-77.8849,anonymous,EN,I agree,Female,,18-24,Caucasian,,Single,,Yes,Associate of Arts,Five-semester,4th,Frequently,Rarely,Rarely,Rarely,Sometimes,Rarely,Rarely,Frequently,Frequently,Frequently,Sometimes,Sometimes,Sometimes,Sometimes,Sometimes,Rarely,Frequently,Sometimes,Always,Never,Rarely,Rarely,Sometimes,Sometimes,Rarely,Always,Rarely,Frequently,Sometimes,Always,Always,Rarely,Sometimes,Frequently,Frequently,Rarely,Never,Sometimes,Sometimes,Frequently,Frequently,Frequently
2024-04-01 13:14:38,2024-04-01 13:20:07,IP Address,152.20.103.254,100,328,True,2024-04-01 13:20:07,R_1hTD4Jvz25hQiTn,,,,,34.2243,-77.8849,anonymous,EN,I agree,Female,,18-24,Caucasian,,Single,,No,,Five-semester,4th,Sometimes,Sometimes,Rarely,Sometimes,Rarely,Rarely,Never,Sometimes,Frequently,Frequently,Sometimes,Sometimes,Frequently,Sometimes,Rarely,Never,Never,Sometimes,Sometimes,Frequently,Rarely,Sometimes,Frequently,Sometimes,Rarely,Sometimes,Frequently,Frequently,Sometimes,Always,Always,Rarely,Frequently,Always,Sometimes,Frequently,Rarely,Sometimes,Frequently,Frequently,Rarely,Rarely
2024-04-01 13:17:51,2024-04-01 13:26:58,IP Address,152.20.180.2,100,547,True,2024-04-01 13:26:59,R_1mF30jNLmeIB5lV,,,,,34.2243,-77.8849,anonymous,EN,I agree,Female,,18-24,Latino or Hispanic,,Single,,No,,Five-semester,4th,Sometimes,Sometimes,Rarely,Never,Sometimes,Rarely,Sometimes,Frequently,Sometimes,Sometimes,Rarely,Sometimes,Rarely,Never,Sometimes,Never,Frequently,Sometimes,Rarely,Rarely,Never,Never,Sometimes,Sometimes,Never,Never,Never,Rarely,Frequently,Always,Frequently,Sometimes,Frequently,Frequently,Sometimes,Sometimes,Rarely,Sometimes,Frequently,Sometimes,Sometimes,Sometimes
2024-04-01 13:24:52,2024-04-01 13:29:32,IP Address,152.20.103.1,100,280,True,2024-04-01 13:29:33,R_7sTblCWR5lKrBUR,,,,,34.2243,-77.8849,anonymous,EN,I agree,Female,,18-24,Caucasian,,Married,,No,,Five-semester,4th,Rarely,Rarely,Rarely,Rarely,Frequently,Frequently,Sometimes,Sometimes,Frequently,Frequently,Rarely,Sometimes,Frequently,Rarely,Never,Frequently,Rarely,Frequently,Sometimes,Rarely,Rarely,Rarely,Rarely,Rarely,Rarely,Rarely,Rarely,Frequently,Frequently,Frequently,Frequently,Sometimes,Frequently,Frequently,Frequently,Frequently,Frequently,Frequently,Frequently,Sometimes,Frequently,Frequently
2024-04-01 13:26:58,2024-04-01 13:30:37,IP Address,152.20.180.2,100,219,True,2024-04-01 13:30:38,R_2hcma0DGoNMyaDZ,,,,,34.2243,-77.8849,anonymous,EN,I agree,Female,,18-24,Latino or Hispanic,,Single,,Yes,Associates in Science,Five-semester,4th,Never,Never,Rarely,Never,Always,Rarely,Always,Sometimes,Frequently,Frequently,Frequently,Rarely,Sometimes,Rarely,Never,Frequently,Sometimes,Sometimes,Sometimes,Rarely,Rarely,Never,Never,Never,Never,Rarely,Never,Never,Frequently,Frequently,Frequently,Rarely,Frequently,Frequently,Frequently,Frequently,Frequently,Sometimes,Rarely,Frequently,Frequently,Sometimes
2024-04-01 13:37:11,2024-04-01 13:42:00,IP Address,152.20.104.1,100,288,True,2024-04-01 13:42:01,R_7f9pNi4X78hKoCq,,,,,34.2243,-77.8849,anonymous,EN,I agree,Female,,18-24,Caucasian,,Single,,No,,Five-semester,4th,Rarely,Never,Never,Rarely,Frequently,Frequently,Sometimes,Sometimes,Always,Frequently,Frequently,Never,Never,Never,Never,Never,Sometimes,Sometimes,Rarely,Rarely,Never,Never,Never,Rarely,Never,Never,Never,Sometimes,Sometimes,Always,Sometimes,Rarely,Sometimes,Frequently,Always,Sometimes,Sometimes,Sometimes,Frequently,Sometimes,Frequently,Rarely
2024-03-25 14:17:26,2024-03-25 14:17:48,IP Address,174.245.80.108,47,22,False,2024-04-01 14:17:51,R_3DnYzyYwbBjC3Sc,,,,,,,anonymous,EN,I agree,Female,,18-24,Caucasian,,Single,,No,,Five-semester,5th,,,,,,,,,,,,,,,,,,,,,,,,,,,,,,,,,,,,,,,,,,
2024-04-01 21:06:40,2024-04-01 21:10:44,IP Address,68.250.110.237,100,244,True,2024-04-01 21:10:45,R_6jCilzd53kQBRkY,,,,,34.2283,-77.9519,anonymous,EN,I agree,Female,,18-24,Latino or Hispanic,,Single,,No,,Five-semester,4th,Sometimes,Sometimes,Sometimes,Sometimes,Rarely,Rarely,Never,Always,Sometimes,Frequently,Rarely,Sometimes,Sometimes,Sometimes,Rarely,Rarely,Rarely,Rarely,Rarely,Rarely,Rarely,Never,Never,Sometimes,Rarely,Frequently,Frequently,Sometimes,Sometimes,Always,Always,Rarely,Frequently,Frequently,Frequently,Rarely,Rarely,Frequently,Frequently,Frequently,Frequently,Frequently
2024-04-01 21:11:25,2024-04-01 21:19:04,IP Address,173.93.110.6,100,458,True,2024-04-01 21:19:05,R_6dmZQ7yFZqqiTtA,,,,,34.157,-77.9136,anonymous,EN,I agree,Female,,35-44,Caucasian,,Married,,Yes,"associate in science ",Five-semester,4th,Sometimes,Rarely,Rarely,Rarely,Rarely,Sometimes,Rarely,Rarely,Frequently,Frequently,Sometimes,Sometimes,Sometimes,Sometimes,Never,Rarely,Never,Rarely,Rarely,Never,Rarely,Never,Rarely,Never,Never,Never,Never,Rarely,Rarely,Always,Sometimes,Never,Frequently,Frequently,Frequently,Rarely,Rarely,Sometimes,Frequently,Never,Frequently,Sometimes
2024-04-01 21:25:42,2024-04-01 21:29:38,IP Address,172.59.220.58,100,235,True,2024-04-01 21:29:38,R_3WQj2UMXkaRjGoh,,,,,35.2296,-80.843,anonymous,EN,I agree,Female,,18-24,Caucasian,,Engaged,,No,,Five-semester,4th,Frequently,Sometimes,Frequently,Frequently,Always,Frequently,Frequently,Sometimes,Sometimes,Sometimes,Sometimes,Frequently,Frequently,Sometimes,Frequently,Rarely,Rarely,Sometimes,Frequently,Frequently,Rarely,Rarely,Rarely,Sometimes,Rarely,Rarely,Sometimes,Frequently,Sometimes,Sometimes,Frequently,Frequently,Sometimes,Frequently,Frequently,Sometimes,Sometimes,Sometimes,Sometimes,Sometimes,Sometimes,Sometimes
2024-04-01 21:25:23,2024-04-01 21:33:35,IP Address,140.82.218.242,100,492,True,2024-04-01 21:33:35,R_2eJIXQRxv6Ms0mu,,,,,34.2243,-77.8849,anonymous,EN,I agree,Female,,18-24,Caucasian,,Single,,No,,Five-semester,4th,Sometimes,Rarely,Never,Rarely,Rarely,Sometimes,Rarely,Frequently,Frequently,Frequently,Sometimes,Sometimes,Rarely,Sometimes,Sometimes,Sometimes,Sometimes,Frequently,Frequently,Rarely,Rarely,Rarely,Sometimes,Sometimes,Rarely,Rarely,Rarely,Sometimes,Frequently,Frequently,Frequently,Sometimes,Sometimes,Frequently,Always,Sometimes,Sometimes,Always,Frequently,Frequently,Frequently,Frequently
2024-04-01 21:54:52,2024-04-01 22:00:42,IP Address,76.38.51.95,100,349,True,2024-04-01 22:00:42,R_2cyVuunhU4swbzr,,,,,34.2243,-77.8849,anonymous,EN,I agree,Female,,18-24,Caucasian,,Single,,No,,Five-semester,4th,Sometimes,Sometimes,Sometimes,Sometimes,Frequently,Frequently,Frequently,Sometimes,Frequently,Frequently,Sometimes,Sometimes,Sometimes,Rarely,Frequently,Sometimes,Sometimes,Frequently,Frequently,Sometimes,Sometimes,Rarely,Rarely,Rarely,Never,Frequently,Sometimes,Frequently,Frequently,Sometimes,Frequently,Frequently,Sometimes,Sometimes,Frequently,Frequently,Sometimes,Sometimes,Sometimes,Sometimes,Frequently,Frequently
2024-04-01 22:01:55,2024-04-01 22:06:15,IP Address,76.38.48.141,100,259,True,2024-04-01 22:06:15,R_6kERLQfZSZAbPyB,,,,,34.2243,-77.8849,anonymous,EN,I agree,Female,,18-24,Caucasian,,Single,,No,,Five-semester,4th,Sometimes,Sometimes,Sometimes,Frequently,Always,Sometimes,Always,Always,Sometimes,Frequently,Rarely,Frequently,Sometimes,Frequently,Always,Rarely,Sometimes,Frequently,Frequently,Sometimes,Never,Sometimes,Sometimes,Frequently,Sometimes,Frequently,Frequently,Frequently,Frequently,Frequently,Frequently,Sometimes,Sometimes,Frequently,Frequently,Frequently,Sometimes,Frequently,Rarely,Frequently,Sometimes,Frequently
2024-04-01 22:32:28,2024-04-01 22:41:43,IP Address,76.38.50.124,100,554,True,2024-04-01 22:41:44,R_2r0VXkbAqvqkvMJ,,,,,34.2243,-77.8849,anonymous,EN,I agree,Female,,18-24,Caucasian,,Single,,Yes,Associates in science,Five-semester,4th,Frequently,Frequently,Sometimes,Frequently,Always,Frequently,Always,Sometimes,Sometimes,Sometimes,Rarely,Sometimes,Sometimes,Sometimes,Frequently,Never,Never,Frequently,Always,Rarely,Sometimes,Sometimes,Sometimes,Sometimes,Rarely,Never,Sometimes,Frequently,Frequently,Frequently,Always,Frequently,Always,Always,Always,Sometimes,Rarely,Rarely,Rarely,Never,Always,Sometimes
2024-04-01 22:42:06,2024-04-01 22:48:47,IP Address,76.38.51.95,100,400,True,2024-04-01 22:48:47,R_5cbFhz5BoAmjWdj,,,,,34.2243,-77.8849,anonymous,EN,I agree,Female,,18-24,Caucasian,,Single,,No,,Five-semester,4th,Sometimes,Sometimes,Sometimes,Rarely,Rarely,Sometimes,Always,Sometimes,Frequently,Frequently,Rarely,Sometimes,Frequently,Rarely,Sometimes,Rarely,Sometimes,Rarely,Never,Rarely,Sometimes,Rarely,Sometimes,Rarely,Sometimes,Rarely,Frequently,Always,Sometimes,Always,Frequently,Rarely,Frequently,Frequently,Frequently,Rarely,Sometimes,Frequently,Rarely,Frequently,Frequently,Always
2024-04-02 01:08:57,2024-04-02 01:13:39,IP Address,47.35.235.129,100,282,True,2024-04-02 01:13:40,R_3Ei2N4DBe03aH3T,,,,,34.3914,-77.6597,anonymous,EN,I agree,Female,,25-34,Latino or Hispanic,,Single,,No,,Five-semester,4th,Never,Never,Never,Never,Never,Rarely,Rarely,Always,Frequently,Always,Frequently,Sometimes,Rarely,Never,Frequently,Rarely,Sometimes,Rarely,Sometimes,Never,Never,Never,Never,Rarely,Never,Rarely,Never,Sometimes,Sometimes,Frequently,Frequently,Never,Frequently,Always,Sometimes,Sometimes,Frequently,Frequently,Sometimes,Sometimes,Frequently,Rarely
2024-04-01 22:55:36,2024-04-02 01:58:42,IP Address,140.82.218.242,100,10985,True,2024-04-02 01:58:42,R_7H00ExeOLmSDM1S,,,,,34.2243,-77.8849,anonymous,EN,I agree,Female,,18-24,Asian,,Single,,No,,Five-semester,4th,Rarely,Rarely,Rarely,Rarely,Sometimes,Sometimes,Frequently,Frequently,Frequently,Frequently,Sometimes,Rarely,Rarely,Rarely,Never,Rarely,Rarely,Sometimes,Sometimes,Never,Rarely,Rarely,Rarely,Rarely,Rarely,Rarely,Rarely,Sometimes,Rarely,Sometimes,Sometimes,Sometimes,Sometimes,Sometimes,Frequently,Frequently,Sometimes,Sometimes,Rarely,Rarely,Sometimes,Sometimes
2024-04-02 09:21:54,2024-04-02 09:28:48,IP Address,174.110.104.244,100,414,True,2024-04-02 09:28:49,R_3JJl2dW583inv2e,,,,,34.2243,-77.8849,anonymous,EN,I agree,Female,,18-24,Caucasian,,Single,,Yes,"Associates in Science, Associates in General Education",Five-semester,4th,Sometimes,Sometimes,Rarely,Sometimes,Frequently,Sometimes,Frequently,Always,Sometimes,Sometimes,Sometimes,Sometimes,Sometimes,Sometimes,Frequently,Rarely,Sometimes,Sometimes,Rarely,Sometimes,Rarely,Sometimes,Sometimes,Sometimes,Sometimes,Frequently,Never,Rarely,Rarely,Always,Sometimes,Frequently,Sometimes,Sometimes,Sometimes,Frequently,Never,Always,Always,Always,Always,Never
2024-04-02 09:42:52,2024-04-02 09:57:39,IP Address,76.38.51.95,100,886,True,2024-04-02 09:57:40,R_5wAZ6KjW2w6ZhRF,,,,,34.2243,-77.8849,anonymous,EN,,Male,,18-24,Caucasian,,Single,,Yes,Associates in general studies,Five-semester,4th,Sometimes,Rarely,Rarely,Never,Frequently,Rarely,Sometimes,Frequently,Frequently,Frequently,Frequently,Rarely,Never,Never,Rarely,Sometimes,Frequently,Sometimes,Sometimes,Sometimes,Rarely,Rarely,Never,Rarely,Rarely,Frequently,Sometimes,Frequently,Never,Rarely,Sometimes,Sometimes,Sometimes,Sometimes,Rarely,Rarely,Sometimes,Frequently,Rarely,Frequently,Rarely,Rarely
2024-03-26 11:00:33,2024-03-26 11:05:56,IP Address,12.74.212.123,79,323,False,2024-04-02 11:05:59,R_2OdfQb55XyU2fBK,,,,,,,anonymous,EN,I agree,Female,,18-24,African American,,Single,,No,,Four-semester,2nd,Sometimes,Rarely,Rarely,Rarely,Always,Frequently,Frequently,Frequently,Frequently,Frequently,Never,Frequently,Rarely,Never,Never,Never,Sometimes,Sometimes,Always,Never,Never,Sometimes,Frequently,,,,,,,,,,,,,,,,,,,
2024-03-26 14:07:08,2024-03-26 14:08:58,IP Address,174.110.112.65,79,110,False,2024-04-02 14:13:28,R_5snbCBfdvfuOYom,,,,,,,anonymous,EN,I agree,Female,,18-24,Caucasian,,Single,,No,,Four-semester,2nd,Sometimes,Sometimes,Sometimes,Rarely,Always,Frequently,Always,Sometimes,Frequently,Frequently,Rarely,Sometimes,Sometimes,Sometimes,Rarely,Sometimes,Rarely,Rarely,Always,Rarely,Rarely,Rarely,Rarely,,,,,,,,,,,,,,,,,,,
2024-04-03 00:59:54,2024-04-03 01:03:24,IP Address,107.197.157.47,100,210,True,2024-04-03 01:03:25,R_5IFXC5vFLq4V2Ac,,,,,34.157,-77.9136,anonymous,EN,I agree,Female,,18-24,Caucasian,,Single,,No,,Five-semester,4th,Frequently,Frequently,Rarely,Rarely,Sometimes,Frequently,Frequently,Frequently,Frequently,Frequently,Sometimes,Sometimes,Frequently,Sometimes,Always,Never,Never,Always,Always,Sometimes,Sometimes,Rarely,Sometimes,Sometimes,Sometimes,Rarely,Sometimes,Frequently,Sometimes,Frequently,Frequently,Sometimes,Sometimes,Sometimes,Frequently,Sometimes,Frequently,Frequently,Rarely,Frequently,Frequently,Frequently
2024-04-03 20:47:42,2024-04-03 20:51:10,IP Address,174.110.99.94,100,208,True,2024-04-03 20:51:11,R_3b1AzsynKKwT4vG,,,,,34.2243,-77.8849,qr,EN,I agree,Male,,18-24,African American,,Single,,No,,Five-semester,4th,Sometimes,Rarely,Rarely,Never,Never,Never,Never,Always,Always,Always,Never,Sometimes,Sometimes,Never,Never,Frequently,Sometimes,Always,Rarely,Never,Never,Never,Never,Never,Never,Never,Never,Rarely,Always,Always,Always,Rarely,Always,Always,Always,Sometimes,Sometimes,Sometimes,Frequently,Sometimes,Frequently,Rarely
2024-04-03 21:58:56,2024-04-03 22:04:52,IP Address,152.20.104.253,100,356,True,2024-04-03 22:04:53,R_7ly9AnmH4NzIJ4S,,,,,34.2243,-77.8849,anonymous,EN,I agree,Female,,18-24,Asian,,Single,,No,,Five-semester,4th,Sometimes,Rarely,Rarely,Rarely,Sometimes,Frequently,Rarely,Rarely,Frequently,Frequently,Sometimes,Sometimes,Never,Rarely,Never,Never,Never,Never,Always,Sometimes,Sometimes,Sometimes,Sometimes,Never,Never,Never,Never,Sometimes,Rarely,Always,Sometimes,Never,Always,Frequently,Sometimes,Never,Never,Rarely,Never,Always,Frequently,Rarely
2024-03-28 13:37:43,2024-03-28 13:38:22,IP Address,98.97.179.57,47,39,False,2024-04-04 13:38:24,R_5gg17Az295ohcbf,,,,,,,anonymous,EN,I agree,Female,,18-24,Caucasian,,Single,,No,,Four-semester,1st,,,,,,,,,,,,,,,,,,,,,,,,,,,,,,,,,,,,,,,,,,
2024-04-01 13:05:03,2024-04-01 13:08:02,IP Address,152.20.104.1,47,178,False,2024-04-08 13:13:32,R_7VpF5RemXh1YyVS,,,,,,,anonymous,EN,I agree,Female,,18-24,Caucasian,,Single,,No,,Five-semester,4th,,,,,,,,,,,,,,,,,,,,,,,,,,,,,,,,,,,,,,,,,,
2024-04-01 15:11:35,2024-04-01 15:11:59,IP Address,12.74.212.2,32,23,False,2024-04-08 15:12:06,R_5xZbCBBoXjB6Kyd,,,,,,,anonymous,EN,I agree,Female,,18-24,Caucasian,,Single,,Yes,,,,,,,,,,,,,,,,,,,,,,,,,,,,,,,,,,,,,,,,,,,,,
2024-04-01 21:31:47,2024-04-01 21:35:33,IP Address,166.199.150.27,79,225,False,2024-04-08 21:35:38,R_3blxsm7i0Nhf04h,,,,,,,anonymous,EN,I agree,Female,,18-24,Caucasian,,Single,,No,,Five-semester,4th,Rarely,Rarely,Rarely,Never,Always,Sometimes,Sometimes,Frequently,Frequently,Frequently,Frequently,Sometimes,Sometimes,Sometimes,Sometimes,Sometimes,Sometimes,Frequently,Sometimes,Rarely,Rarely,Rarely,Rarely,,,,,,,,,,,,,,,,,,,
2024-04-11 01:31:20,2024-04-11 13:48:43,IP Address,152.20.104.1,79,44242,False,2024-04-18 13:48:52,R_530SiA6UYtXRGmt,,,,,,,anonymous,EN,I agree,Female,,18-24,African American,,Single,,No,,Four-semester,2nd,Rarely,Never,Never,Never,Sometimes,Sometimes,Rarely,Always,Always,Always,Never,Frequently,Sometimes,Never,Never,Never,Never,Never,Always,Frequently,Never,Frequently,Sometimes,,,,,,,,,,,,,,,,,,,
2024-04-26 16:58:38,2024-04-26 17:04:20,IP Address,152.20.103.1,100,342,True,2024-04-26 17:04:21,R_1QgEVYa4IFqnQZz,,,,,34.2243,-77.8849,anonymous,EN,I agree,Female,,18-24,Latino or Hispanic,,Single,,Yes,Associate in Science,Five-semester,4th,Sometimes,Rarely,Sometimes,Never,Rarely,Sometimes,Rarely,Frequently,Frequently,Frequently,Rarely,Rarely,Sometimes,Sometimes,Never,Never,Frequently,Frequently,Sometimes,Always,Rarely,Sometimes,Rarely,Rarely,Rarely,Never,Never,Sometimes,Sometimes,Frequently,Frequently,Frequently,Sometimes,Sometimes,Rarely,Sometimes,Sometimes,Sometimes,Sometimes,Sometimes,Sometimes,Never
2024-08-24 11:52:34,2024-08-24 13:38:57,IP Address,104.190.228.142,100,6383,True,2024-08-24 13:38:58,R_6itk8uH2U0N1K4Z,,,,,34.157,-77.9136,anonymous,EN,,,,,,,,,,,,,,,,,,,,,,,,,,,,,,,,,,,,,,,,,,,,,,,,,,,,,,
2024-08-24 13:39:06,2024-08-24 18:39:01,IP Address,107.197.157.218,100,17994,True,2024-08-24 18:39:01,R_3TTHr1DEI23e4Nz,,,,,34.157,-77.9136,anonymous,EN,,,,,,,,,,,,,,,,,,,,,,,,,,,,,,,,,,,,,,,,,,,,,,,,,,,,,,
